Contrast name:,Group (ODD_joke-lit)
Within-subjects contrast matrix:,c[1;1],c[1;2],
,1.000000,0.000000,
Between-subjects contrast matrix:,c[1;1],
,1.000000,
Overlap threshold:,0.000000

Results
ROI#,ROI size,average localizer mask size,inter-subject overlap,h[1;1],stderr[1;1],T/F,dof,p,p-fdr
1,1885,188,1.000000,0.398325,0.114769,3.470655,19.000000,0.001280,0.002465
2,3322,332,1.000000,0.194751,0.051824,3.757947,19.000000,0.000666,0.002330
3,1525,152,1.000000,0.389597,0.113637,3.428432,19.000000,0.001409,0.002465
4,4182,418,1.000000,0.169358,0.030785,5.501346,19.000000,0.000013,0.000092
5,3419,341,1.000000,0.106808,0.043323,2.465371,19.000000,0.011692,0.013640
6,1313,131,1.000000,0.162151,0.074949,2.163479,19.000000,0.021728,0.021728
7,4051,405,1.000000,0.133442,0.042282,3.155995,19.000000,0.002601,0.003642
