Contrast name:,Group (reln)
Within-subjects contrast matrix:,c[1;1],c[1;2],c[1;3],c[1;4],c[1;5],
,0.000000,0.000000,0.000000,1.000000,0.000000,
Between-subjects contrast matrix:,c[1;1],
,1.000000,
Overlap threshold:,0.000000

Results
ROI#,ROI size,average localizer mask size,inter-subject overlap,h[1;1],stderr[1;1],T/F,dof,p,p-fdr
1,1885,188,1.000000,0.029361,0.170137,0.172572,15.000000,0.432647,0.605706
2,3322,332,1.000000,0.135508,0.124667,1.086955,15.000000,0.147108,0.605706
3,1525,152,1.000000,0.099105,0.148248,0.668509,15.000000,0.256983,0.605706
4,4182,418,1.000000,0.029664,0.161435,0.183753,15.000000,0.428334,0.605706
5,3419,341,1.000000,0.012618,0.023412,0.538962,15.000000,0.298911,0.605706
6,1313,131,1.000000,-0.005023,0.019393,-0.258985,15.000000,0.600417,0.608939
7,4051,405,1.000000,-0.005272,0.018723,-0.281567,15.000000,0.608939,0.608939
