Contrast name:,Group (mentpainphysrelnment-pain)
Within-subjects contrast matrix:,c[1;1],c[1;2],c[1;3],c[1;4],c[1;5],c[2;1],c[2;2],c[2;3],c[2;4],c[2;5],c[3;1],c[3;2],c[3;3],c[3;4],c[3;5],c[4;1],c[4;2],c[4;3],c[4;4],c[4;5],c[5;1],c[5;2],c[5;3],c[5;4],c[5;5],
,1.000000,0.000000,0.000000,0.000000,0.000000,0.000000,1.000000,0.000000,0.000000,0.000000,0.000000,0.000000,1.000000,0.000000,0.000000,0.000000,0.000000,0.000000,1.000000,0.000000,0.000000,0.000000,0.000000,0.000000,1.000000,
Between-subjects contrast matrix:,c[1;1],
,1.000000,
Overlap threshold:,0.000000

Results
ROI#,ROI size,average localizer mask size,inter-subject overlap,h[1;1],h[1;2],h[1;3],h[1;4],h[1;5],stderr[1;1],stderr[1;2],stderr[1;3],stderr[1;4],stderr[1;5],T/F,dof,p,p-fdr
1,1885,188,1.000000,-0.073258,-0.223677,0.074241,0.029361,0.150419,0.083155,0.060842,0.090213,0.170137,0.100193,2.183221,11.000000,0.130312,0.228046
2,3322,332,1.000000,-0.027183,0.550714,0.004242,0.135508,-0.577896,0.047420,0.127014,0.082551,0.124667,0.111646,4.816460,11.000000,0.014090,0.049315
3,1525,152,1.000000,-0.042347,-0.148050,0.101759,0.099105,0.105703,0.067535,0.063287,0.074121,0.148248,0.075285,0.899951,11.000000,0.514310,0.537841
4,4182,418,1.000000,-0.127305,-0.376120,-0.085890,0.029664,0.248814,0.059546,0.083225,0.094729,0.161435,0.119052,7.741598,11.000000,0.002410,0.016871
5,3419,341,1.000000,0.044192,0.093748,0.015844,0.012618,-0.049556,0.020565,0.040832,0.028562,0.023412,0.047524,2.190983,11.000000,0.129299,0.228046
6,1313,131,1.000000,-0.040174,-0.033450,0.013065,-0.005023,-0.006724,0.021324,0.052465,0.023470,0.019393,0.044160,0.858290,11.000000,0.537841,0.537841
7,4051,405,1.000000,-0.011383,-0.008076,0.010004,-0.005272,-0.003307,0.010016,0.006870,0.008377,0.018723,0.013643,0.861884,11.000000,0.535777,0.537841
