Contrast name:,Group (joke-lit)
Within-subjects contrast matrix:,c[1;1],c[1;2],c[1;3],
,0.000000,0.000000,1.000000,
Between-subjects contrast matrix:,c[1;1],
,1.000000,
Overlap threshold:,0.000000

Results
ROI#,average ROI size,average localizer mask size,inter-subject overlap,h[1;1],stderr[1;1],T/F,dof,p,p-fdr
1,2948,50,1.000000,0.092315,0.041108,2.245698,20.000000,0.018091,0.027137
2,1627,50,1.000000,0.093482,0.040496,2.308442,20.000000,0.015893,0.027137
3,644,50,1.000000,0.091415,0.040640,2.249375,20.000000,0.017955,0.027137
4,743,50,1.000000,0.090801,0.046544,1.950865,20.000000,0.032612,0.032612
5,462,50,1.000000,0.084214,0.041571,2.025761,20.000000,0.028170,0.032612
6,370,50,1.000000,0.284247,0.072592,3.915664,20.000000,0.000428,0.002570
