Contrast name:,Group (joke)
Within-subjects contrast matrix:,c[1;1],c[1;2],c[1;3],
,1.000000,0.000000,0.000000,
Between-subjects contrast matrix:,c[1;1],
,1.000000,
Overlap threshold:,0.000000

Results
ROI#,average ROI size,average localizer mask size,inter-subject overlap,h[1;1],stderr[1;1],T/F,dof,p,p-fdr
1,2948,50,1.000000,0.434048,0.082920,5.234566,20.000000,0.000020,0.000030
2,1627,50,1.000000,0.601090,0.075495,7.961973,20.000000,0.000000,0.000000
3,644,50,1.000000,0.075127,0.084108,0.893216,20.000000,0.191182,0.191182
4,743,50,1.000000,0.648429,0.092154,7.036386,20.000000,0.000000,0.000001
5,462,50,1.000000,0.426502,0.099594,4.282397,20.000000,0.000182,0.000218
6,370,50,1.000000,0.948055,0.138464,6.846961,20.000000,0.000001,0.000001
