Contrast name:,Group (med)
Within-subjects contrast matrix:,c[1;1],c[1;2],c[1;3],
,0.000000,1.000000,0.000000,
Between-subjects contrast matrix:,c[1;1],
,1.000000,
Overlap threshold:,0.000000

Results
ROI#,average ROI size,average localizer mask size,inter-subject overlap,h[1;1],stderr[1;1],T/F,dof,p,p-fdr
1,1885,50,1.000000,0.330767,0.206989,1.597991,19.000000,0.063271,0.110725
2,3322,50,1.000000,0.716473,0.117403,6.102656,19.000000,0.000004,0.000025
3,1525,50,1.000000,0.029870,0.153202,0.194969,19.000000,0.423744,0.593241
4,4182,50,1.000000,-0.011491,0.094647,-0.121413,19.000000,0.547681,0.638961
5,3419,50,1.000000,-0.068545,0.123670,-0.554253,19.000000,0.707065,0.707065
6,1313,50,1.000000,0.317452,0.117246,2.707558,19.000000,0.006980,0.016286
7,4051,50,1.000000,0.266922,0.097515,2.737250,19.000000,0.006546,0.016286
