Contrast name:,Group (N)
Within-subjects contrast matrix:,c[1;1],c[1;2],c[1;3],
,0.000000,1.000000,0.000000,
Between-subjects contrast matrix:,c[1;1],
,1.000000,
Overlap threshold:,0.000000

Results
ROI#,ROI size,average localizer mask size,inter-subject overlap,h[1;1],stderr[1;1],T/F,dof,p,p-fdr
1,2948,294,1.000000,0.186519,0.060411,3.087493,20.000000,0.002904,0.008711
2,1627,162,1.000000,-0.058343,0.071207,-0.819333,20.000000,0.788873,0.946648
3,644,64,1.000000,-0.143492,0.075546,-1.899398,20.000000,0.963984,0.963984
4,743,74,1.000000,0.170573,0.077653,2.196596,20.000000,0.020003,0.030004
5,462,46,1.000000,0.380013,0.105702,3.595137,20.000000,0.000904,0.005426
6,370,37,1.000000,0.172485,0.070969,2.430414,20.000000,0.012309,0.024617
