Contrast name:,Group (lit)
Within-subjects contrast matrix:,c[1;1],c[1;2],c[1;3],
,0.000000,1.000000,0.000000,
Between-subjects contrast matrix:,c[1;1],
,1.000000,
Overlap threshold:,0.000000

Results
ROI#,average ROI size,average localizer mask size,inter-subject overlap,h[1;1],stderr[1;1],T/F,dof,p,p-fdr
1,2948,50,1.000000,1.440080,0.187272,7.689775,20.000000,0.000000,0.000000
2,1627,50,1.000000,0.846738,0.095222,8.892294,20.000000,0.000000,0.000000
3,644,50,1.000000,0.566459,0.108128,5.238795,20.000000,0.000020,0.000020
4,743,50,1.000000,1.526489,0.176834,8.632319,20.000000,0.000000,0.000000
5,462,50,1.000000,1.609393,0.212085,7.588426,20.000000,0.000000,0.000000
6,370,50,1.000000,1.302143,0.168193,7.741955,20.000000,0.000000,0.000000
