Contrast name:,Group (joke)
Within-subjects contrast matrix:,c[1;1],c[1;2],c[1;3],
,1.000000,0.000000,0.000000,
Between-subjects contrast matrix:,c[1;1],
,1.000000,
Overlap threshold:,0.000000

Results
ROI#,average ROI size,average localizer mask size,inter-subject overlap,h[1;1],stderr[1;1],T/F,dof,p,p-fdr
1,2948,50,1.000000,1.579313,0.181109,8.720220,20.000000,0.000000,0.000000
2,1627,50,1.000000,0.979654,0.092623,10.576825,20.000000,0.000000,0.000000
3,644,50,1.000000,0.741920,0.139223,5.328998,20.000000,0.000016,0.000016
4,743,50,1.000000,1.701615,0.159813,10.647515,20.000000,0.000000,0.000000
5,462,50,1.000000,1.767510,0.207322,8.525441,20.000000,0.000000,0.000000
6,370,50,1.000000,1.582836,0.151990,10.414067,20.000000,0.000000,0.000000
