Contrast name:,Group (linear)
Within-subjects contrast matrix:,c[1;1],c[1;2],c[1;3],c[1;4],
,0.000000,0.000000,0.000000,1.000000,
Between-subjects contrast matrix:,c[1;1],
,1.000000,
Overlap threshold:,0.000000

Results
ROI#,ROI size,average localizer mask size,inter-subject overlap,h[1;1],stderr[1;1],T/F,dof,p,p-fdr
1,2948,294,1.000000,0.188290,0.068814,2.736226,20.000000,0.006363,0.008389
2,1627,162,1.000000,0.231965,0.069858,3.320524,20.000000,0.001706,0.003412
3,644,64,1.000000,0.222786,0.082719,2.693296,20.000000,0.006991,0.008389
4,743,74,1.000000,0.270173,0.069737,3.874172,20.000000,0.000472,0.001416
5,462,46,1.000000,0.262656,0.101947,2.576404,20.000000,0.009011,0.009011
6,370,37,1.000000,0.392977,0.077077,5.098486,20.000000,0.000027,0.000164
