Contrast name:,Group (high)
Within-subjects contrast matrix:,c[1;1],c[1;2],c[1;3],c[1;4],
,0.000000,0.000000,1.000000,0.000000,
Between-subjects contrast matrix:,c[1;1],
,1.000000,
Overlap threshold:,0.000000

Results
ROI#,ROI size,average localizer mask size,inter-subject overlap,h[1;1],stderr[1;1],T/F,dof,p,p-fdr
1,2948,294,1.000000,1.299226,0.180587,7.194440,20.000000,0.000000,0.000000
2,1627,162,1.000000,0.976331,0.131790,7.408232,20.000000,0.000000,0.000000
3,644,64,1.000000,0.788199,0.162257,4.857726,20.000000,0.000048,0.000048
4,743,74,1.000000,1.737599,0.187698,9.257437,20.000000,0.000000,0.000000
5,462,46,1.000000,1.866521,0.246719,7.565377,20.000000,0.000000,0.000000
6,370,37,1.000000,1.757159,0.191913,9.156018,20.000000,0.000000,0.000000
