Contrast name:,Group (low)
Within-subjects contrast matrix:,c[1;1],c[1;2],c[1;3],c[1;4],
,1.000000,0.000000,0.000000,0.000000,
Between-subjects contrast matrix:,c[1;1],
,1.000000,
Overlap threshold:,0.000000

Results
ROI#,ROI size,average localizer mask size,inter-subject overlap,h[1;1],stderr[1;1],T/F,dof,p,p-fdr
1,2948,294,1.000000,1.110936,0.125658,8.840981,20.000000,0.000000,0.000000
2,1627,162,1.000000,0.744366,0.071098,10.469644,20.000000,0.000000,0.000000
3,644,64,1.000000,0.565413,0.119418,4.734753,20.000000,0.000063,0.000063
4,743,74,1.000000,1.467426,0.156766,9.360629,20.000000,0.000000,0.000000
5,462,46,1.000000,1.603865,0.204210,7.853987,20.000000,0.000000,0.000000
6,370,37,1.000000,1.364181,0.158103,8.628421,20.000000,0.000000,0.000000
