Contrast name:,Group (lowmedhighlinear)
Within-subjects contrast matrix:,c[1;1],c[1;2],c[1;3],c[1;4],c[2;1],c[2;2],c[2;3],c[2;4],c[3;1],c[3;2],c[3;3],c[3;4],c[4;1],c[4;2],c[4;3],c[4;4],
,1.000000,0.000000,0.000000,0.000000,0.000000,1.000000,0.000000,0.000000,0.000000,0.000000,1.000000,0.000000,0.000000,0.000000,0.000000,1.000000,
Between-subjects contrast matrix:,c[1;1],
,1.000000,
Overlap threshold:,0.000000

Results
ROI#,ROI size,average localizer mask size,inter-subject overlap,h[1;1],h[1;2],h[1;3],h[1;4],stderr[1;1],stderr[1;2],stderr[1;3],stderr[1;4],T/F,dof,p,p-fdr
1,1885,188,1.000000,-0.002663,0.449657,0.597657,0.600320,0.206294,0.166436,0.249384,0.113789,6.767246,16.000000,0.002187,0.005644
2,3322,332,1.000000,0.490003,0.670723,0.779128,0.289125,0.105337,0.112935,0.128387,0.066540,9.900426,16.000000,0.000315,0.002204
3,1525,152,1.000000,-0.489139,-0.049631,0.108042,0.597181,0.175904,0.145773,0.195962,0.123576,6.222875,16.000000,0.003225,0.005644
4,4182,418,1.000000,-0.121057,0.036537,0.112200,0.233258,0.072269,0.075986,0.099468,0.059090,4.919677,16.000000,0.008853,0.012394
5,3419,341,1.000000,-0.127142,-0.029374,0.085831,0.212973,0.099793,0.103459,0.115591,0.074797,1.880161,16.000000,0.163143,0.163143
6,1313,131,1.000000,0.145090,0.337983,0.329710,0.184620,0.112345,0.113412,0.139147,0.103147,1.930472,16.000000,0.154372,0.163143
7,4051,405,1.000000,0.198420,0.244707,0.425233,0.226813,0.072927,0.071064,0.089626,0.058463,6.266303,16.000000,0.003124,0.005644
