Contrast name:,Group (high)
Within-subjects contrast matrix:,c[1;1],c[1;2],c[1;3],c[1;4],
,0.000000,0.000000,1.000000,0.000000,
Between-subjects contrast matrix:,c[1;1],
,1.000000,
Overlap threshold:,0.000000

Results
ROI#,ROI size,average localizer mask size,inter-subject overlap,h[1;1],stderr[1;1],T/F,dof,p,p-fdr
1,1885,188,1.000000,0.597657,0.249384,2.396533,19.000000,0.013499,0.024986
2,3322,332,1.000000,0.779128,0.128387,6.068571,19.000000,0.000004,0.000027
3,1525,152,1.000000,0.108042,0.195962,0.551342,19.000000,0.293913,0.293913
4,4182,418,1.000000,0.112200,0.099468,1.128000,19.000000,0.136682,0.191354
5,3419,341,1.000000,0.085831,0.115591,0.742542,19.000000,0.233420,0.272324
6,1313,131,1.000000,0.329710,0.139147,2.369518,19.000000,0.014278,0.024986
7,4051,405,1.000000,0.425233,0.089626,4.744511,19.000000,0.000071,0.000247
