Contrast name:,Group (lit)
Within-subjects contrast matrix:,c[1;1],c[1;2],c[1;3],
,0.000000,1.000000,0.000000,
Between-subjects contrast matrix:,c[1;1],
,1.000000,
Overlap threshold:,0.000000

Results
ROI#,ROI size,average localizer mask size,inter-subject overlap,h[1;1],stderr[1;1],T/F,dof,p,p-fdr
1,2948,294,1.000000,1.108353,0.131888,8.403742,20.000000,0.000000,0.000000
2,1627,162,1.000000,0.734222,0.076968,9.539260,20.000000,0.000000,0.000000
3,644,64,1.000000,0.545909,0.106255,5.137705,20.000000,0.000025,0.000025
4,743,74,1.000000,1.475764,0.165261,8.929918,20.000000,0.000000,0.000000
5,462,46,1.000000,1.625967,0.215277,7.552901,20.000000,0.000000,0.000000
6,370,37,1.000000,1.349927,0.175554,7.689536,20.000000,0.000000,0.000000
