Contrast name:,Group (bel-pho)
Within-subjects contrast matrix:,c[1;1],c[1;2],c[1;3],
,0.000000,0.000000,1.000000,
Between-subjects contrast matrix:,c[1;1],
,1.000000,
Overlap threshold:,0.000000

Results
ROI#,ROI size,average localizer mask size,inter-subject overlap,h[1;1],stderr[1;1],T/F,dof,p,p-fdr
1,1885,188,1.000000,1.733613,0.275515,6.292263,16.000000,0.000005,0.000008
2,3322,332,1.000000,0.975666,0.106570,9.155183,16.000000,0.000000,0.000000
3,1525,152,1.000000,1.153357,0.208623,5.528429,16.000000,0.000023,0.000023
4,4182,418,1.000000,0.926009,0.093630,9.890139,16.000000,0.000000,0.000000
5,3419,341,1.000000,1.267785,0.119118,10.643065,16.000000,0.000000,0.000000
6,1313,131,1.000000,0.800952,0.135734,5.900884,16.000000,0.000011,0.000013
7,4051,405,1.000000,0.838129,0.079081,10.598366,16.000000,0.000000,0.000000
