Contrast name:,Group (belphobel-pho)
Within-subjects contrast matrix:,c[1;1],c[1;2],c[1;3],c[2;1],c[2;2],c[2;3],c[3;1],c[3;2],c[3;3],
,1.000000,0.000000,0.000000,0.000000,1.000000,0.000000,0.000000,0.000000,1.000000,
Between-subjects contrast matrix:,c[1;1],
,1.000000,
Overlap threshold:,0.000000

Results
ROI#,ROI size,average localizer mask size,inter-subject overlap,h[1;1],h[1;2],h[1;3],stderr[1;1],stderr[1;2],stderr[1;3],T/F,dof,p,p-fdr
1,1885,188,1.000000,1.328827,-0.404787,1.733613,0.302581,0.105038,0.275515,17.115714,14.000000,0.000059,0.000082
2,3322,332,1.000000,1.545495,0.569830,0.975666,0.154858,0.115263,0.106570,32.309547,14.000000,0.000002,0.000004
3,1525,152,1.000000,0.362266,-0.791091,1.153357,0.213036,0.176944,0.208623,10.694876,14.000000,0.000643,0.000750
4,4182,418,1.000000,0.795535,-0.130474,0.926009,0.116711,0.111568,0.093630,30.505057,14.000000,0.000002,0.000004
5,3419,341,1.000000,1.168541,-0.099244,1.267785,0.145729,0.135771,0.119118,36.065878,14.000000,0.000001,0.000003
6,1313,131,1.000000,0.706701,-0.094251,0.800952,0.153161,0.103620,0.135734,10.180966,14.000000,0.000810,0.000810
7,4051,405,1.000000,0.920584,0.082455,0.838129,0.100506,0.082254,0.079081,36.269449,14.000000,0.000001,0.000003
