Contrast name:,Group (N)
Within-subjects contrast matrix:,c[1;1],c[1;2],c[1;3],
,0.000000,1.000000,0.000000,
Between-subjects contrast matrix:,c[1;1],
,1.000000,
Overlap threshold:,0.000000

Results
ROI#,ROI size,average localizer mask size,inter-subject overlap,h[1;1],stderr[1;1],T/F,dof,p,p-fdr
1,2948,294,1.000000,0.370484,0.055681,6.653721,20.000000,0.000001,0.000004
2,1627,162,1.000000,0.055609,0.054605,1.018390,20.000000,0.160327,0.192393
3,644,64,1.000000,-0.100301,0.080372,-1.247971,20.000000,0.886772,0.886772
4,743,74,1.000000,0.373476,0.102497,3.643765,20.000000,0.000808,0.001615
5,462,46,1.000000,0.911348,0.141751,6.429231,20.000000,0.000001,0.000004
6,370,37,1.000000,0.208620,0.112754,1.850221,20.000000,0.039556,0.059334
