Contrast name:,Group (S)
Within-subjects contrast matrix:,c[1;1],c[1;2],c[1;3],
,1.000000,0.000000,0.000000,
Between-subjects contrast matrix:,c[1;1],
,1.000000,
Overlap threshold:,0.000000

Results
ROI#,ROI size,average localizer mask size,inter-subject overlap,h[1;1],stderr[1;1],T/F,dof,p,p-fdr
1,2948,294,1.000000,1.416024,0.107859,13.128505,20.000000,0.000000,0.000000
2,1627,162,1.000000,1.059286,0.083810,12.639104,20.000000,0.000000,0.000000
3,644,64,1.000000,0.470860,0.122562,3.841811,20.000000,0.000509,0.000509
4,743,74,1.000000,1.499138,0.141494,10.595095,20.000000,0.000000,0.000000
5,462,46,1.000000,2.227632,0.278965,7.985335,20.000000,0.000000,0.000000
6,370,37,1.000000,1.333933,0.214168,6.228441,20.000000,0.000002,0.000003
