"","Group","ROIName","ROI","contrastName","themean","sterr","se_up","se_down"
"1","ToM","LocalizerAverage",0,"joke",0.246693517006803,0.0760948854125871,0.32278840241939,0.170598631594216
"2","ToM","LocalizerAverage",0,"lit",-0.0352153537414966,0.0840652840435295,0.0488499303020329,-0.119280637785026
