Contrast name:,Group (linear)
Within-subjects contrast matrix:,c[1;1],c[1;2],c[1;3],c[1;4],
,0.000000,0.000000,0.000000,1.000000,
Between-subjects contrast matrix:,c[1;1],
,1.000000,
Overlap threshold:,0.000000

Results
ROI#,average ROI size,average localizer mask size,inter-subject overlap,h[1;1],stderr[1;1],T/F,dof,p,p-fdr
1,1885,50,1.000000,0.603075,0.135537,4.449508,19.000000,0.000137,0.000481
2,3322,50,1.000000,0.292637,0.071134,4.113862,19.000000,0.000295,0.000689
3,1525,50,1.000000,0.597428,0.129832,4.601539,19.000000,0.000097,0.000481
4,4182,50,1.000000,0.248029,0.081283,3.051408,19.000000,0.003284,0.004598
5,3419,50,1.000000,0.213497,0.085647,2.492771,19.000000,0.011037,0.012877
6,1313,50,1.000000,0.091847,0.098195,0.935358,19.000000,0.180670,0.180670
7,4051,50,1.000000,0.311107,0.089714,3.467740,19.000000,0.001289,0.002255
