Contrast name:,Group (low)
Within-subjects contrast matrix:,c[1;1],c[1;2],c[1;3],c[1;4],
,1.000000,0.000000,0.000000,0.000000,
Between-subjects contrast matrix:,c[1;1],
,1.000000,
Overlap threshold:,0.000000

Results
ROI#,average ROI size,average localizer mask size,inter-subject overlap,h[1;1],stderr[1;1],T/F,dof,p,p-fdr
1,1885,50,1.000000,-0.089928,0.259607,-0.346400,19.000000,0.633576,0.987963
2,3322,50,1.000000,0.529345,0.113545,4.661973,19.000000,0.000085,0.000595
3,1525,50,1.000000,-0.435913,0.177817,-2.451469,19.000000,0.987963,0.987963
4,4182,50,1.000000,-0.183748,0.077733,-2.363817,19.000000,0.985553,0.987963
5,3419,50,1.000000,-0.208321,0.128045,-1.626936,19.000000,0.939889,0.987963
6,1313,50,1.000000,0.194888,0.108248,1.800388,19.000000,0.043849,0.102313
7,4051,50,1.000000,0.200135,0.107676,1.858679,19.000000,0.039317,0.102313
