Contrast name:,Group (lowmedhighlinear)
Within-subjects contrast matrix:,c[1;1],c[1;2],c[1;3],c[1;4],c[2;1],c[2;2],c[2;3],c[2;4],c[3;1],c[3;2],c[3;3],c[3;4],c[4;1],c[4;2],c[4;3],c[4;4],
,1.000000,0.000000,0.000000,0.000000,0.000000,1.000000,0.000000,0.000000,0.000000,0.000000,1.000000,0.000000,0.000000,0.000000,0.000000,1.000000,
Between-subjects contrast matrix:,c[1;1],
,1.000000,
Overlap threshold:,0.000000

Results
ROI#,average ROI size,average localizer mask size,inter-subject overlap,h[1;1],h[1;2],h[1;3],h[1;4],stderr[1;1],stderr[1;2],stderr[1;3],stderr[1;4],T/F,dof,p,p-fdr
1,1885,50,1.000000,-0.089928,0.330767,0.513147,0.603075,0.259607,0.206989,0.308655,0.135537,4.979629,16.000000,0.008428,0.019665
2,3322,50,1.000000,0.529345,0.716473,0.821982,0.292637,0.113545,0.117403,0.132048,0.071134,11.195089,16.000000,0.000159,0.001113
3,1525,50,1.000000,-0.435913,0.029870,0.161515,0.597428,0.177817,0.153202,0.197253,0.129832,5.433680,16.000000,0.005859,0.019665
4,4182,50,1.000000,-0.183748,-0.011491,0.064281,0.248029,0.077733,0.094647,0.120465,0.081283,4.619662,16.000000,0.011371,0.019900
5,3419,50,1.000000,-0.208321,-0.068545,0.005176,0.213497,0.128045,0.123670,0.134928,0.085647,1.572952,16.000000,0.229481,0.229481
6,1313,50,1.000000,0.194888,0.317452,0.286735,0.091847,0.108248,0.117246,0.154356,0.098195,1.586076,16.000000,0.226135,0.229481
7,4051,50,1.000000,0.200135,0.266922,0.511242,0.311107,0.107676,0.097515,0.148683,0.089714,3.416803,16.000000,0.033535,0.046949
