Contrast name:,Group (high)
Within-subjects contrast matrix:,c[1;1],c[1;2],c[1;3],c[1;4],
,0.000000,0.000000,1.000000,0.000000,
Between-subjects contrast matrix:,c[1;1],
,1.000000,
Overlap threshold:,0.000000

Results
ROI#,average ROI size,average localizer mask size,inter-subject overlap,h[1;1],stderr[1;1],T/F,dof,p,p-fdr
1,1885,50,1.000000,0.513147,0.308655,1.662527,19.000000,0.056408,0.098714
2,3322,50,1.000000,0.821982,0.132048,6.224871,19.000000,0.000003,0.000020
3,1525,50,1.000000,0.161515,0.197253,0.818819,19.000000,0.211521,0.296129
4,4182,50,1.000000,0.064281,0.120465,0.533609,19.000000,0.299900,0.349883
5,3419,50,1.000000,0.005176,0.134928,0.038364,19.000000,0.484899,0.484899
6,1313,50,1.000000,0.286735,0.154356,1.857625,19.000000,0.039395,0.091922
7,4051,50,1.000000,0.511242,0.148683,3.438466,19.000000,0.001377,0.004819
