Contrast name:,Group (bel)
Within-subjects contrast matrix:,c[1;1],c[1;2],c[1;3],
,1.000000,0.000000,0.000000,
Between-subjects contrast matrix:,c[1;1],
,1.000000,
Overlap threshold:,0.000000

Results
ROI#,ROI size,average localizer mask size,inter-subject overlap,h[1;1],stderr[1;1],T/F,dof,p,p-fdr
1,1885,188,1.000000,1.328827,0.302581,4.391639,16.000000,0.000228,0.000265
2,3322,332,1.000000,1.545495,0.154858,9.980051,16.000000,0.000000,0.000000
3,1525,152,1.000000,0.362266,0.213036,1.700496,16.000000,0.054195,0.054195
4,4182,418,1.000000,0.795535,0.116711,6.816275,16.000000,0.000002,0.000004
5,3419,341,1.000000,1.168541,0.145729,8.018607,16.000000,0.000000,0.000001
6,1313,131,1.000000,0.706701,0.153161,4.614118,16.000000,0.000144,0.000201
7,4051,405,1.000000,0.920584,0.100506,9.159456,16.000000,0.000000,0.000000
