Contrast name:,Group (med)
Within-subjects contrast matrix:,c[1;1],c[1;2],c[1;3],c[1;4],c[1;5],
,0.000000,1.000000,0.000000,0.000000,0.000000,
Between-subjects contrast matrix:,c[1;1],
,1.000000,
Overlap threshold:,0.000000

Results
ROI#,ROI size,average localizer mask size,inter-subject overlap,h[1;1],stderr[1;1],T/F,dof,p,p-fdr
1,1885,188,1.000000,0.408680,0.279727,1.460998,15.000000,0.082323,0.192087
2,3322,332,1.000000,0.658616,0.211961,3.107255,15.000000,0.003605,0.025234
3,1525,152,1.000000,-0.139040,0.235516,-0.590363,15.000000,0.718132,0.754134
4,4182,418,1.000000,-0.075699,0.125064,-0.605278,15.000000,0.722979,0.754134
5,3419,341,1.000000,-0.091363,0.129629,-0.704803,15.000000,0.754134,0.754134
6,1313,131,1.000000,-0.057637,0.219253,-0.262880,15.000000,0.601890,0.754134
7,4051,405,1.000000,0.226508,0.098433,2.301150,15.000000,0.018072,0.063252
