Contrast name:,Group (low)
Within-subjects contrast matrix:,c[1;1],c[1;2],c[1;3],c[1;4],c[1;5],
,1.000000,0.000000,0.000000,0.000000,0.000000,
Between-subjects contrast matrix:,c[1;1],
,1.000000,
Overlap threshold:,0.000000

Results
ROI#,ROI size,average localizer mask size,inter-subject overlap,h[1;1],stderr[1;1],T/F,dof,p,p-fdr
1,1885,188,1.000000,-0.158098,0.223847,-0.706279,15.000000,0.754580,0.996501
2,3322,332,1.000000,0.288076,0.194350,1.482256,15.000000,0.079487,0.278206
3,1525,152,1.000000,-0.665907,0.213302,-3.121895,15.000000,0.996501,0.996501
4,4182,418,1.000000,-0.342875,0.114230,-3.001612,15.000000,0.995528,0.996501
5,3419,341,1.000000,-0.345961,0.111302,-3.108302,15.000000,0.996403,0.996501
6,1313,131,1.000000,-0.438118,0.188886,-2.319489,15.000000,0.982558,0.996501
7,4051,405,1.000000,0.133607,0.079062,1.689900,15.000000,0.055858,0.278206
