Contrast name:,Group (joke-lit)
Within-subjects contrast matrix:,c[1;1],c[1;2],c[1;3],
,0.000000,0.000000,1.000000,
Between-subjects contrast matrix:,c[1;1],
,1.000000,
Overlap threshold:,0.000000

Results
ROI#,ROI size,average localizer mask size,inter-subject overlap,h[1;1],stderr[1;1],T/F,dof,p,p-fdr
1,1885,188,1.000000,0.367499,0.135445,2.713274,15.000000,0.008013,0.011218
2,3322,332,1.000000,0.341740,0.057593,5.933663,15.000000,0.000014,0.000096
3,1525,152,1.000000,0.371445,0.161913,2.294109,15.000000,0.018319,0.018319
4,4182,418,1.000000,0.254799,0.060936,4.181450,15.000000,0.000401,0.001404
5,3419,341,1.000000,0.225263,0.077492,2.906931,15.000000,0.005421,0.011218
6,1313,131,1.000000,0.287516,0.105064,2.736568,15.000000,0.007647,0.011218
7,4051,405,1.000000,0.149723,0.062391,2.399747,15.000000,0.014920,0.017406
