Contrast name:,Group (high)
Within-subjects contrast matrix:,c[1;1],c[1;2],c[1;3],c[1;4],c[1;5],
,0.000000,0.000000,1.000000,0.000000,0.000000,
Between-subjects contrast matrix:,c[1;1],
,1.000000,
Overlap threshold:,0.000000

Results
ROI#,ROI size,average localizer mask size,inter-subject overlap,h[1;1],stderr[1;1],T/F,dof,p,p-fdr
1,1885,188,1.000000,0.546025,0.369212,1.478894,15.000000,0.079930,0.186504
2,3322,332,1.000000,0.793864,0.192930,4.114774,15.000000,0.000459,0.001980
3,1525,152,1.000000,0.043373,0.255903,0.169490,15.000000,0.433838,0.613919
4,4182,418,1.000000,-0.021772,0.127993,-0.170105,15.000000,0.566400,0.660800
5,3419,341,1.000000,-0.091074,0.124077,-0.734009,15.000000,0.762869,0.762869
6,1313,131,1.000000,0.037527,0.238411,0.157403,15.000000,0.438513,0.613919
7,4051,405,1.000000,0.364279,0.090797,4.012026,15.000000,0.000566,0.001980
