Contrast name:,Group (lowmedhighotherparamfun)
Within-subjects contrast matrix:,c[1;1],c[1;2],c[1;3],c[1;4],c[1;5],c[2;1],c[2;2],c[2;3],c[2;4],c[2;5],c[3;1],c[3;2],c[3;3],c[3;4],c[3;5],c[4;1],c[4;2],c[4;3],c[4;4],c[4;5],c[5;1],c[5;2],c[5;3],c[5;4],c[5;5],
,1.000000,0.000000,0.000000,0.000000,0.000000,0.000000,1.000000,0.000000,0.000000,0.000000,0.000000,0.000000,1.000000,0.000000,0.000000,0.000000,0.000000,0.000000,1.000000,0.000000,0.000000,0.000000,0.000000,0.000000,1.000000,
Between-subjects contrast matrix:,c[1;1],
,1.000000,
Overlap threshold:,0.000000

Results
ROI#,ROI size,average localizer mask size,inter-subject overlap,h[1;1],h[1;2],h[1;3],h[1;4],h[1;5],stderr[1;1],stderr[1;2],stderr[1;3],stderr[1;4],stderr[1;5],T/F,dof,p,p-fdr
1,1885,188,1.000000,-0.158098,0.408680,0.546025,-0.140853,0.704123,0.223847,0.279727,0.369212,0.425531,0.233042,2.289848,11.000000,0.117147,0.136671
2,3322,332,1.000000,0.288076,0.658616,0.793864,0.332268,0.505788,0.194350,0.211961,0.192930,0.274668,0.099022,5.210745,11.000000,0.010731,0.072798
3,1525,152,1.000000,-0.665907,-0.139040,0.043373,-0.796662,0.709280,0.213302,0.235516,0.255903,0.363268,0.283150,2.766095,11.000000,0.074163,0.136671
4,4182,418,1.000000,-0.342875,-0.075699,-0.021772,-0.357859,0.321102,0.114230,0.125064,0.127993,0.192446,0.080344,4.283659,11.000000,0.020799,0.072798
5,3419,341,1.000000,-0.345961,-0.091363,-0.091074,-0.153722,0.254887,0.111302,0.129629,0.124077,0.261522,0.110968,1.853549,11.000000,0.182847,0.182847
6,1313,131,1.000000,-0.438118,-0.057637,0.037527,-0.471841,0.475645,0.188886,0.219253,0.238411,0.390723,0.163667,2.665281,11.000000,0.081494,0.136671
7,4051,405,1.000000,0.133607,0.226508,0.364279,0.267477,0.230672,0.079062,0.098433,0.090797,0.177293,0.090579,2.441866,11.000000,0.100909,0.136671
