Contrast name:,Group (lowmedhighlinear)
Within-subjects contrast matrix:,c[1;1],c[1;2],c[1;3],c[1;4],c[2;1],c[2;2],c[2;3],c[2;4],c[3;1],c[3;2],c[3;3],c[3;4],c[4;1],c[4;2],c[4;3],c[4;4],
,1.000000,0.000000,0.000000,0.000000,0.000000,1.000000,0.000000,0.000000,0.000000,0.000000,1.000000,0.000000,0.000000,0.000000,0.000000,1.000000,
Between-subjects contrast matrix:,c[1;1],
,1.000000,
Overlap threshold:,0.000000

Results
ROI#,ROI size,average localizer mask size,inter-subject overlap,h[1;1],h[1;2],h[1;3],h[1;4],stderr[1;1],stderr[1;2],stderr[1;3],stderr[1;4],T/F,dof,p,p-fdr
1,2948,294,1.000000,1.110936,1.223396,1.299226,0.188290,0.125658,0.135618,0.180587,0.068814,23.560124,17.000000,0.000001,0.000002
2,1627,162,1.000000,0.744366,0.797515,0.976331,0.231965,0.071098,0.075493,0.131790,0.069858,38.777565,17.000000,0.000000,0.000000
3,644,64,1.000000,0.565413,0.707428,0.788199,0.222786,0.119418,0.130554,0.162257,0.082719,6.344622,17.000000,0.002587,0.002587
4,743,74,1.000000,1.467426,1.631284,1.737599,0.270173,0.156766,0.144617,0.187698,0.069737,27.651329,17.000000,0.000000,0.000001
5,462,46,1.000000,1.603865,1.789122,1.866521,0.262656,0.204210,0.205048,0.246719,0.101947,16.262178,17.000000,0.000012,0.000014
6,370,37,1.000000,1.364181,1.658851,1.757159,0.392977,0.158103,0.167641,0.191913,0.077077,22.171090,17.000000,0.000001,0.000002
