Contrast name:,Group (med)
Within-subjects contrast matrix:,c[1;1],c[1;2],c[1;3],c[1;4],
,0.000000,1.000000,0.000000,0.000000,
Between-subjects contrast matrix:,c[1;1],
,1.000000,
Overlap threshold:,0.000000

Results
ROI#,ROI size,average localizer mask size,inter-subject overlap,h[1;1],stderr[1;1],T/F,dof,p,p-fdr
1,2948,294,1.000000,1.223396,0.135618,9.020911,20.000000,0.000000,0.000000
2,1627,162,1.000000,0.797515,0.075493,10.564122,20.000000,0.000000,0.000000
3,644,64,1.000000,0.707428,0.130554,5.418676,20.000000,0.000013,0.000013
4,743,74,1.000000,1.631284,0.144617,11.280071,20.000000,0.000000,0.000000
5,462,46,1.000000,1.789122,0.205048,8.725381,20.000000,0.000000,0.000000
6,370,37,1.000000,1.658851,0.167641,9.895236,20.000000,0.000000,0.000000
