Contrast name:,Group (bel-pho)
Within-subjects contrast matrix:,c[1;1],c[1;2],c[1;3],
,0.000000,0.000000,1.000000,
Between-subjects contrast matrix:,c[1;1],
,1.000000,
Overlap threshold:,0.000000

Results
ROI#,ROI size,average localizer mask size,inter-subject overlap,h[1;1],stderr[1;1],T/F,dof,p,p-fdr
1,1885,188,1.000000,1.526273,0.268178,5.691275,19.000000,0.000009,0.000012
2,3322,332,1.000000,0.890027,0.106846,8.329984,19.000000,0.000000,0.000000
3,1525,152,1.000000,0.969900,0.214308,4.525737,19.000000,0.000116,0.000116
4,4182,418,1.000000,0.794354,0.107047,7.420635,19.000000,0.000000,0.000000
5,3419,341,1.000000,1.130636,0.126986,8.903660,19.000000,0.000000,0.000000
6,1313,131,1.000000,0.667310,0.142758,4.674412,19.000000,0.000083,0.000096
7,4051,405,1.000000,0.781142,0.080213,9.738291,19.000000,0.000000,0.000000
