Contrast name:,Group (pho)
Within-subjects contrast matrix:,c[1;1],c[1;2],c[1;3],
,0.000000,1.000000,0.000000,
Between-subjects contrast matrix:,c[1;1],
,1.000000,
Overlap threshold:,0.000000

Results
ROI#,ROI size,average localizer mask size,inter-subject overlap,h[1;1],stderr[1;1],T/F,dof,p,p-fdr
1,1885,188,1.000000,-0.415477,0.106050,-3.917752,19.000000,0.999538,0.999873
2,3322,332,1.000000,0.548671,0.105953,5.178444,19.000000,0.000027,0.000187
3,1525,152,1.000000,-0.785021,0.175100,-4.483274,19.000000,0.999873,0.999873
4,4182,418,1.000000,-0.133387,0.097805,-1.363813,19.000000,0.905717,0.999873
5,3419,341,1.000000,-0.088984,0.120518,-0.738350,19.000000,0.765338,0.999873
6,1313,131,1.000000,-0.085843,0.103366,-0.830476,19.000000,0.791708,0.999873
7,4051,405,1.000000,0.051133,0.074242,0.688737,19.000000,0.249657,0.873798
