Contrast name:,Group (mentpainment-pain)
Within-subjects contrast matrix:,c[1;1],c[1;2],c[1;3],c[2;1],c[2;2],c[2;3],c[3;1],c[3;2],c[3;3],
,1.000000,0.000000,0.000000,0.000000,1.000000,0.000000,0.000000,0.000000,1.000000,
Between-subjects contrast matrix:,c[1;1],
,1.000000,
Overlap threshold:,0.000000

Results
ROI#,ROI size,average localizer mask size,inter-subject overlap,h[1;1],h[1;2],h[1;3],stderr[1;1],stderr[1;2],stderr[1;3],T/F,dof,p,p-fdr
1,1885,188,1.000000,-0.076098,0.222648,-0.298746,0.129983,0.090674,0.168156,1.719455,11.000000,0.220538,0.590028
2,3322,332,1.000000,0.025511,0.041210,-0.015699,0.077221,0.140473,0.175667,0.072155,11.000000,0.973669,0.977223
3,1525,152,1.000000,-0.014824,0.189575,-0.204399,0.105844,0.093526,0.104274,1.567211,11.000000,0.252869,0.590028
4,4182,418,1.000000,0.139658,0.356165,-0.216506,0.061065,0.121559,0.154831,6.118402,11.000000,0.010541,0.073786
5,3419,341,1.000000,-0.001874,0.025295,-0.027170,0.029497,0.045166,0.056692,0.088468,11.000000,0.964893,0.977223
6,1313,131,1.000000,-0.000693,0.049286,-0.049979,0.038926,0.040648,0.057232,0.414819,11.000000,0.745787,0.977223
7,4051,405,1.000000,-0.005452,-0.002173,-0.003279,0.011526,0.008614,0.008629,0.065168,11.000000,0.977223,0.977223
