Contrast name:,Group (lit)
Within-subjects contrast matrix:,c[1;1],c[1;2],c[1;3],
,0.000000,1.000000,0.000000,
Between-subjects contrast matrix:,c[1;1],
,1.000000,
Overlap threshold:,0.000000

Results
ROI#,ROI size,average localizer mask size,inter-subject overlap,h[1;1],stderr[1;1],T/F,dof,p,p-fdr
1,1885,188,1.000000,-0.002440,0.211216,-0.011553,19.000000,0.504549,0.882960
2,3322,332,1.000000,0.450297,0.111145,4.051450,19.000000,0.000341,0.002384
3,1525,152,1.000000,-0.514447,0.168404,-3.054841,19.000000,0.996741,0.996741
4,4182,418,1.000000,-0.135263,0.070732,-1.912323,19.000000,0.964484,0.996741
5,3419,341,1.000000,-0.132256,0.095885,-1.379317,19.000000,0.908091,0.996741
6,1313,131,1.000000,0.104900,0.107784,0.973246,19.000000,0.171330,0.399770
7,4051,405,1.000000,0.172683,0.077114,2.239316,19.000000,0.018647,0.065264
