Contrast name:,Group (lowmedhighlinear)
Within-subjects contrast matrix:,c[1;1],c[1;2],c[1;3],c[1;4],c[2;1],c[2;2],c[2;3],c[2;4],c[3;1],c[3;2],c[3;3],c[3;4],c[4;1],c[4;2],c[4;3],c[4;4],
,1.000000,0.000000,0.000000,0.000000,0.000000,1.000000,0.000000,0.000000,0.000000,0.000000,1.000000,0.000000,0.000000,0.000000,0.000000,1.000000,
Between-subjects contrast matrix:,c[1;1],
,1.000000,
Overlap threshold:,0.000000

Results
ROI#,average ROI size,average localizer mask size,inter-subject overlap,h[1;1],h[1;2],h[1;3],h[1;4],stderr[1;1],stderr[1;2],stderr[1;3],stderr[1;4],T/F,dof,p,p-fdr
1,2948,50,1.000000,0.342866,0.414340,0.534672,0.191807,0.079581,0.089815,0.100775,0.068341,6.268310,17.000000,0.002739,0.003710
2,1627,50,1.000000,0.516601,0.571315,0.739293,0.222692,0.067377,0.091012,0.144791,0.094386,15.602041,17.000000,0.000016,0.000094
3,644,50,1.000000,-0.010401,0.051428,0.228818,0.239219,0.076500,0.080296,0.130050,0.107864,1.045983,17.000000,0.412761,0.412761
4,743,50,1.000000,0.545115,0.656335,0.806498,0.261383,0.095918,0.106224,0.122228,0.084816,11.830474,17.000000,0.000089,0.000266
5,462,50,1.000000,0.316629,0.444036,0.494190,0.177561,0.095393,0.091991,0.122852,0.066254,6.109107,17.000000,0.003091,0.003710
6,370,50,1.000000,0.654640,0.954431,1.118319,0.463679,0.146422,0.150905,0.177747,0.090072,10.652079,17.000000,0.000165,0.000331
