Contrast name:,Group (high)
Within-subjects contrast matrix:,c[1;1],c[1;2],c[1;3],c[1;4],
,0.000000,0.000000,1.000000,0.000000,
Between-subjects contrast matrix:,c[1;1],
,1.000000,
Overlap threshold:,0.000000

Results
ROI#,average ROI size,average localizer mask size,inter-subject overlap,h[1;1],stderr[1;1],T/F,dof,p,p-fdr
1,2948,50,1.000000,0.534672,0.100775,5.305589,20.000000,0.000017,0.000034
2,1627,50,1.000000,0.739293,0.144791,5.105927,20.000000,0.000027,0.000040
3,644,50,1.000000,0.228818,0.130050,1.759459,20.000000,0.046895,0.046895
4,743,50,1.000000,0.806498,0.122228,6.598300,20.000000,0.000001,0.000006
5,462,50,1.000000,0.494190,0.122852,4.022640,20.000000,0.000334,0.000400
6,370,50,1.000000,1.118319,0.177747,6.291646,20.000000,0.000002,0.000006
