Contrast name:,Group (med)
Within-subjects contrast matrix:,c[1;1],c[1;2],c[1;3],c[1;4],
,0.000000,1.000000,0.000000,0.000000,
Between-subjects contrast matrix:,c[1;1],
,1.000000,
Overlap threshold:,0.000000

Results
ROI#,average ROI size,average localizer mask size,inter-subject overlap,h[1;1],stderr[1;1],T/F,dof,p,p-fdr
1,2948,50,1.000000,0.414340,0.089815,4.613250,20.000000,0.000084,0.000101
2,1627,50,1.000000,0.571315,0.091012,6.277372,20.000000,0.000002,0.000005
3,644,50,1.000000,0.051428,0.080296,0.640484,20.000000,0.264564,0.264564
4,743,50,1.000000,0.656335,0.106224,6.178766,20.000000,0.000002,0.000005
5,462,50,1.000000,0.444036,0.091991,4.826942,20.000000,0.000051,0.000077
6,370,50,1.000000,0.954431,0.150905,6.324734,20.000000,0.000002,0.000005
