Contrast name:,Group (reln)
Within-subjects contrast matrix:,c[1;1],c[1;2],c[1;3],c[1;4],
,0.000000,0.000000,0.000000,1.000000,
Between-subjects contrast matrix:,c[1;1],
,1.000000,
Overlap threshold:,0.000000

Results
ROI#,ROI size,average localizer mask size,inter-subject overlap,h[1;1],stderr[1;1],T/F,dof,p,p-fdr
1,1885,188,1.000000,0.041124,0.385585,0.106653,14.000000,0.458289,0.641604
2,3322,332,1.000000,0.238725,0.250131,0.954399,14.000000,0.178036,0.415416
3,1525,152,1.000000,-0.155459,0.338425,-0.459360,14.000000,0.673486,0.673486
4,4182,418,1.000000,-0.054215,0.185417,-0.292397,14.000000,0.612864,0.673486
5,3419,341,1.000000,0.235893,0.225642,1.045429,14.000000,0.156770,0.415416
6,1313,131,1.000000,0.067068,0.231989,0.289098,14.000000,0.388372,0.641604
7,4051,405,1.000000,0.326839,0.157262,2.078304,14.000000,0.028277,0.197942
