Contrast name:,Group (mentpainphysreln)
Within-subjects contrast matrix:,c[1;1],c[1;2],c[1;3],c[1;4],c[2;1],c[2;2],c[2;3],c[2;4],c[3;1],c[3;2],c[3;3],c[3;4],c[4;1],c[4;2],c[4;3],c[4;4],
,1.000000,0.000000,0.000000,0.000000,0.000000,1.000000,0.000000,0.000000,0.000000,0.000000,1.000000,0.000000,0.000000,0.000000,0.000000,1.000000,
Between-subjects contrast matrix:,c[1;1],
,1.000000,
Overlap threshold:,0.000000

Results
ROI#,ROI size,average localizer mask size,inter-subject overlap,h[1;1],h[1;2],h[1;3],h[1;4],stderr[1;1],stderr[1;2],stderr[1;3],stderr[1;4],T/F,dof,p,p-fdr
1,1885,188,1.000000,1.157470,-0.324198,-0.763183,0.041124,0.296311,0.333464,0.376078,0.385585,3.476969,11.000000,0.045448,0.045448
2,3322,332,1.000000,1.017217,-0.449511,-0.268558,0.238725,0.181467,0.174288,0.249368,0.250131,8.845037,11.000000,0.001899,0.007290
3,1525,152,1.000000,1.121695,-0.276398,-0.634030,-0.155459,0.195320,0.215269,0.370622,0.338425,7.178524,11.000000,0.004270,0.009963
4,4182,418,1.000000,1.073193,-0.279601,-0.426923,-0.054215,0.168246,0.141697,0.209507,0.185417,8.642184,11.000000,0.002083,0.007290
5,3419,341,1.000000,1.083868,-0.336397,-0.290399,0.235893,0.207375,0.175234,0.199941,0.225642,6.205761,11.000000,0.007278,0.010402
6,1313,131,1.000000,0.552063,-0.219968,-0.285911,0.067068,0.122323,0.151751,0.246233,0.231989,6.169871,11.000000,0.007430,0.010402
7,4051,405,1.000000,0.674504,0.021929,-0.074878,0.326839,0.168105,0.196264,0.188106,0.157262,4.547044,11.000000,0.020661,0.024105
