Contrast name:,Group (low)
Within-subjects contrast matrix:,c[1;1],c[1;2],c[1;3],c[1;4],
,1.000000,0.000000,0.000000,0.000000,
Between-subjects contrast matrix:,c[1;1],
,1.000000,
Overlap threshold:,0.000000

Results
ROI#,average ROI size,average localizer mask size,inter-subject overlap,h[1;1],stderr[1;1],T/F,dof,p,p-fdr
1,2948,50,1.000000,0.342866,0.079581,4.308406,20.000000,0.000171,0.000257
2,1627,50,1.000000,0.516601,0.067377,7.667305,20.000000,0.000000,0.000001
3,644,50,1.000000,-0.010401,0.076500,-0.135956,20.000000,0.553392,0.553392
4,743,50,1.000000,0.545115,0.095918,5.683112,20.000000,0.000007,0.000022
5,462,50,1.000000,0.316629,0.095393,3.319190,20.000000,0.001711,0.002053
6,370,50,1.000000,0.654640,0.146422,4.470908,20.000000,0.000117,0.000234
