Contrast name:,Group (EVEN_joke-lit)
Within-subjects contrast matrix:,c[1;1],c[1;2],
,0.000000,1.000000,
Between-subjects contrast matrix:,c[1;1],
,1.000000,
Overlap threshold:,0.000000

Results
ROI#,ROI size,average localizer mask size,inter-subject overlap,h[1;1],stderr[1;1],T/F,dof,p,p-fdr
1,370,37,1.000000,0.330594,0.105108,3.145267,20.000000,0.002547,0.015280
2,743,74,1.000000,0.098190,0.079888,1.229100,20.000000,0.116650,0.116650
3,462,46,1.000000,0.119356,0.067771,1.761170,20.000000,0.046746,0.070119
4,1627,162,1.000000,0.111174,0.054941,2.023532,20.000000,0.028294,0.056587
5,2948,294,1.000000,0.100330,0.062617,1.602273,20.000000,0.062386,0.074863
6,644,64,1.000000,0.128050,0.062996,2.032674,20.000000,0.027788,0.056587
