Contrast name:,Group (lit)
Within-subjects contrast matrix:,c[1;1],c[1;2],c[1;3],
,0.000000,1.000000,0.000000,
Between-subjects contrast matrix:,c[1;1],
,1.000000,
Overlap threshold:,0.000000

Results
ROI#,average ROI size,average localizer mask size,inter-subject overlap,h[1;1],stderr[1;1],T/F,dof,p,p-fdr
1,2948,50,1.000000,0.341732,0.083880,4.074058,20.000000,0.000296,0.000444
2,1627,50,1.000000,0.507607,0.071049,7.144422,20.000000,0.000000,0.000002
3,644,50,1.000000,-0.016288,0.075361,-0.216133,20.000000,0.584463,0.584463
4,743,50,1.000000,0.557628,0.101580,5.489546,20.000000,0.000011,0.000034
5,462,50,1.000000,0.342288,0.099554,3.438195,20.000000,0.001301,0.001561
6,370,50,1.000000,0.663807,0.153458,4.325663,20.000000,0.000164,0.000329
