Contrast name:,Group (lowmedhigh)
Within-subjects contrast matrix:,c[1;1],c[1;2],c[1;3],c[2;1],c[2;2],c[2;3],c[3;1],c[3;2],c[3;3],
,1.000000,0.000000,0.000000,0.000000,1.000000,0.000000,0.000000,0.000000,1.000000,
Between-subjects contrast matrix:,c[1;1],
,1.000000,
Overlap threshold:,0.000000

Results
ROI#,ROI size,average localizer mask size,inter-subject overlap,h[1;1],h[1;2],h[1;3],stderr[1;1],stderr[1;2],stderr[1;3],T/F,dof,p,p-fdr
1,1885,188,1.000000,-0.002663,0.449657,0.597657,0.206294,0.166436,0.249384,9.586932,17.000000,0.000620,0.001664
2,3322,332,1.000000,0.490003,0.670723,0.779128,0.105337,0.112935,0.128387,14.025603,17.000000,0.000075,0.000522
3,1525,152,1.000000,-0.489139,-0.049631,0.108042,0.175904,0.145773,0.195962,8.815739,17.000000,0.000951,0.001664
4,4182,418,1.000000,-0.121057,0.036537,0.112200,0.072269,0.075986,0.099468,6.969542,17.000000,0.002907,0.004070
5,3419,341,1.000000,-0.127142,-0.029374,0.085831,0.099793,0.103459,0.115591,2.663561,17.000000,0.080955,0.080955
6,1313,131,1.000000,0.145090,0.337983,0.329710,0.112345,0.113412,0.139147,2.734836,17.000000,0.075804,0.080955
7,4051,405,1.000000,0.198420,0.244707,0.425233,0.072927,0.071064,0.089626,8.877263,17.000000,0.000918,0.001664
