Contrast name:,Group (high)
Within-subjects contrast matrix:,c[1;1],c[1;2],c[1;3],c[1;4],
,0.000000,0.000000,1.000000,0.000000,
Between-subjects contrast matrix:,c[1;1],
,1.000000,
Overlap threshold:,0.000000

Results
ROI#,ROI size,average localizer mask size,inter-subject overlap,h[1;1],stderr[1;1],T/F,dof,p,p-fdr
1,2948,294,1.000000,0.433787,0.095290,4.552268,20.000000,0.000097,0.000145
2,1627,162,1.000000,0.636460,0.125534,5.070000,20.000000,0.000029,0.000059
3,644,64,1.000000,0.221757,0.129917,1.706910,20.000000,0.051659,0.051659
4,743,74,1.000000,0.797795,0.118872,6.711391,20.000000,0.000001,0.000005
5,462,46,1.000000,0.492155,0.121121,4.063334,20.000000,0.000303,0.000364
6,370,37,1.000000,1.111686,0.174465,6.371980,20.000000,0.000002,0.000005
