Contrast name:,Group (med)
Within-subjects contrast matrix:,c[1;1],c[1;2],c[1;3],c[1;4],
,0.000000,1.000000,0.000000,0.000000,
Between-subjects contrast matrix:,c[1;1],
,1.000000,
Overlap threshold:,0.000000

Results
ROI#,ROI size,average localizer mask size,inter-subject overlap,h[1;1],stderr[1;1],T/F,dof,p,p-fdr
1,2948,294,1.000000,0.311230,0.090772,3.428695,20.000000,0.001330,0.001596
2,1627,162,1.000000,0.458174,0.075914,6.035424,20.000000,0.000003,0.000007
3,644,64,1.000000,0.041658,0.080157,0.519703,20.000000,0.304487,0.304487
4,743,74,1.000000,0.652692,0.102706,6.354924,20.000000,0.000002,0.000005
5,462,46,1.000000,0.439617,0.090702,4.846834,20.000000,0.000049,0.000073
6,370,37,1.000000,0.978264,0.154212,6.343637,20.000000,0.000002,0.000005
