Contrast name:,Group (lowmedhighlinear)
Within-subjects contrast matrix:,c[1;1],c[1;2],c[1;3],c[1;4],c[2;1],c[2;2],c[2;3],c[2;4],c[3;1],c[3;2],c[3;3],c[3;4],c[4;1],c[4;2],c[4;3],c[4;4],
,1.000000,0.000000,0.000000,0.000000,0.000000,1.000000,0.000000,0.000000,0.000000,0.000000,1.000000,0.000000,0.000000,0.000000,0.000000,1.000000,
Between-subjects contrast matrix:,c[1;1],
,1.000000,
Overlap threshold:,0.000000

Results
ROI#,ROI size,average localizer mask size,inter-subject overlap,h[1;1],h[1;2],h[1;3],h[1;4],stderr[1;1],stderr[1;2],stderr[1;3],stderr[1;4],T/F,dof,p,p-fdr
1,2948,294,1.000000,0.241688,0.311230,0.433787,0.192099,0.072821,0.090772,0.095290,0.059092,4.459499,17.000000,0.012020,0.014424
2,1627,162,1.000000,0.429712,0.458174,0.636460,0.206748,0.059608,0.075914,0.125534,0.081730,14.760970,17.000000,0.000022,0.000134
3,644,64,1.000000,-0.024992,0.041658,0.221757,0.246749,0.076262,0.080157,0.129917,0.109303,1.092153,17.000000,0.391841,0.391841
4,743,74,1.000000,0.546354,0.652692,0.797795,0.251441,0.090890,0.102706,0.118872,0.085017,12.103320,17.000000,0.000077,0.000232
5,462,46,1.000000,0.314794,0.439617,0.492155,0.177361,0.094967,0.090702,0.121121,0.065187,6.283196,17.000000,0.002709,0.004063
6,370,37,1.000000,0.659545,0.978264,1.111686,0.452140,0.149798,0.154212,0.174465,0.086549,11.018234,17.000000,0.000136,0.000271
