Contrast name:,Group (pain)
Within-subjects contrast matrix:,c[1;1],c[1;2],c[1;3],
,0.000000,1.000000,0.000000,
Between-subjects contrast matrix:,c[1;1],
,1.000000,
Overlap threshold:,0.000000

Results
ROI#,ROI size,average localizer mask size,inter-subject overlap,h[1;1],stderr[1;1],T/F,dof,p,p-fdr
1,1885,188,1.000000,0.222648,0.090674,2.455466,13.000000,0.014457,0.050600
2,3322,332,1.000000,0.041210,0.140473,0.293366,13.000000,0.386937,0.451426
3,1525,152,1.000000,0.189575,0.093526,2.026971,13.000000,0.031842,0.074297
4,4182,418,1.000000,0.356165,0.121559,2.929969,13.000000,0.005857,0.040999
5,3419,341,1.000000,0.025295,0.045166,0.560054,13.000000,0.292482,0.409475
6,1313,131,1.000000,0.049286,0.040648,1.212503,13.000000,0.123448,0.216033
7,4051,405,1.000000,-0.002173,0.008614,-0.252289,13.000000,0.597619,0.597619
