Contrast name:,Group (S-N)
Within-subjects contrast matrix:,c[1;1],c[1;2],c[1;3],
,0.000000,0.000000,1.000000,
Between-subjects contrast matrix:,c[1;1],
,1.000000,
Overlap threshold:,0.000000

Results
ROI#,ROI size,average localizer mask size,inter-subject overlap,h[1;1],stderr[1;1],T/F,dof,p,p-fdr
1,2948,294,1.000000,1.045540,0.075823,13.789220,20.000000,0.000000,0.000000
2,1627,162,1.000000,1.003677,0.073817,13.596825,20.000000,0.000000,0.000000
3,644,64,1.000000,0.571162,0.120374,4.744891,20.000000,0.000062,0.000062
4,743,74,1.000000,1.125662,0.148684,7.570825,20.000000,0.000000,0.000000
5,462,46,1.000000,1.316285,0.210422,6.255442,20.000000,0.000002,0.000002
6,370,37,1.000000,1.125313,0.170663,6.593761,20.000000,0.000001,0.000002
