Contrast name:,Group (lowmedhighlinear)
Within-subjects contrast matrix:,c[1;1],c[1;2],c[1;3],c[1;4],c[2;1],c[2;2],c[2;3],c[2;4],c[3;1],c[3;2],c[3;3],c[3;4],c[4;1],c[4;2],c[4;3],c[4;4],
,1.000000,0.000000,0.000000,0.000000,0.000000,1.000000,0.000000,0.000000,0.000000,0.000000,1.000000,0.000000,0.000000,0.000000,0.000000,1.000000,
Between-subjects contrast matrix:,c[1;1],
,1.000000,
Overlap threshold:,0.000000

Results
ROI#,average ROI size,average localizer mask size,inter-subject overlap,h[1;1],h[1;2],h[1;3],h[1;4],stderr[1;1],stderr[1;2],stderr[1;3],stderr[1;4],T/F,dof,p,p-fdr
1,2948,50,1.000000,1.446809,1.569149,1.671003,0.224195,0.177738,0.186709,0.240275,0.079187,18.952870,17.000000,0.000004,0.000006
2,1627,50,1.000000,0.857124,0.911980,1.123924,0.266799,0.089415,0.088653,0.151687,0.075281,28.487576,17.000000,0.000000,0.000001
3,644,50,1.000000,0.588651,0.731632,0.804092,0.215442,0.122200,0.136099,0.165266,0.084615,6.256592,17.000000,0.002764,0.002764
4,743,50,1.000000,1.519558,1.675086,1.785836,0.266278,0.167686,0.154911,0.203128,0.071002,25.068802,17.000000,0.000001,0.000002
5,462,50,1.000000,1.585650,1.771103,1.844121,0.258471,0.201095,0.202863,0.242707,0.100803,16.309024,17.000000,0.000012,0.000014
6,370,50,1.000000,1.321483,1.614753,1.704126,0.382643,0.150488,0.156474,0.183019,0.078095,24.166302,17.000000,0.000001,0.000002
