Contrast name:,Group (linear)
Within-subjects contrast matrix:,c[1;1],c[1;2],c[1;3],c[1;4],
,0.000000,0.000000,0.000000,1.000000,
Between-subjects contrast matrix:,c[1;1],
,1.000000,
Overlap threshold:,0.000000

Results
ROI#,average ROI size,average localizer mask size,inter-subject overlap,h[1;1],stderr[1;1],T/F,dof,p,p-fdr
1,2948,50,1.000000,0.224195,0.079187,2.831196,20.000000,0.005159,0.007739
2,1627,50,1.000000,0.266799,0.075281,3.544021,20.000000,0.001018,0.002036
3,644,50,1.000000,0.215442,0.084615,2.546126,20.000000,0.009618,0.009618
4,743,50,1.000000,0.266278,0.071002,3.750296,20.000000,0.000630,0.001891
5,462,50,1.000000,0.258471,0.100803,2.564111,20.000000,0.009253,0.009618
6,370,50,1.000000,0.382643,0.078095,4.899709,20.000000,0.000043,0.000260
