Contrast name:,Group (med)
Within-subjects contrast matrix:,c[1;1],c[1;2],c[1;3],c[1;4],
,0.000000,1.000000,0.000000,0.000000,
Between-subjects contrast matrix:,c[1;1],
,1.000000,
Overlap threshold:,0.000000

Results
ROI#,average ROI size,average localizer mask size,inter-subject overlap,h[1;1],stderr[1;1],T/F,dof,p,p-fdr
1,2948,50,1.000000,1.569149,0.186709,8.404262,20.000000,0.000000,0.000000
2,1627,50,1.000000,0.911980,0.088653,10.287061,20.000000,0.000000,0.000000
3,644,50,1.000000,0.731632,0.136099,5.375711,20.000000,0.000015,0.000015
4,743,50,1.000000,1.675086,0.154911,10.813186,20.000000,0.000000,0.000000
5,462,50,1.000000,1.771103,0.202863,8.730557,20.000000,0.000000,0.000000
6,370,50,1.000000,1.614753,0.156474,10.319625,20.000000,0.000000,0.000000
