Contrast name:,Group (high)
Within-subjects contrast matrix:,c[1;1],c[1;2],c[1;3],c[1;4],
,0.000000,0.000000,1.000000,0.000000,
Between-subjects contrast matrix:,c[1;1],
,1.000000,
Overlap threshold:,0.000000

Results
ROI#,average ROI size,average localizer mask size,inter-subject overlap,h[1;1],stderr[1;1],T/F,dof,p,p-fdr
1,2948,50,1.000000,1.671003,0.240275,6.954543,20.000000,0.000000,0.000001
2,1627,50,1.000000,1.123924,0.151687,7.409502,20.000000,0.000000,0.000000
3,644,50,1.000000,0.804092,0.165266,4.865451,20.000000,0.000047,0.000047
4,743,50,1.000000,1.785836,0.203128,8.791686,20.000000,0.000000,0.000000
5,462,50,1.000000,1.844121,0.242707,7.598139,20.000000,0.000000,0.000000
6,370,50,1.000000,1.704126,0.183019,9.311188,20.000000,0.000000,0.000000
