Contrast name:,Group (joke)
Within-subjects contrast matrix:,c[1;1],c[1;2],c[1;3],
,1.000000,0.000000,0.000000,
Between-subjects contrast matrix:,c[1;1],
,1.000000,
Overlap threshold:,0.000000

Results
ROI#,ROI size,average localizer mask size,inter-subject overlap,h[1;1],stderr[1;1],T/F,dof,p,p-fdr
1,2948,294,1.000000,1.230336,0.130559,9.423580,20.000000,0.000000,0.000000
2,1627,162,1.000000,0.851216,0.076589,11.114133,20.000000,0.000000,0.000000
3,644,64,1.000000,0.718765,0.134052,5.361852,20.000000,0.000015,0.000015
4,743,74,1.000000,1.655041,0.148214,11.166582,20.000000,0.000000,0.000000
5,462,46,1.000000,1.787665,0.210260,8.502163,20.000000,0.000000,0.000000
6,370,37,1.000000,1.628174,0.164761,9.882060,20.000000,0.000000,0.000000
