Contrast name:,Group (ODD_joke-lit)
Within-subjects contrast matrix:,c[1;1],c[1;2],
,1.000000,0.000000,
Between-subjects contrast matrix:,c[1;1],
,1.000000,
Overlap threshold:,0.000000

Results
ROI#,ROI size,average localizer mask size,inter-subject overlap,h[1;1],stderr[1;1],T/F,dof,p,p-fdr
1,370,37,1.000000,0.218160,0.095709,2.279402,20.000000,0.016878,0.101268
2,743,74,1.000000,0.107503,0.078788,1.364451,20.000000,0.093791,0.112550
3,462,46,1.000000,0.067661,0.093653,0.722460,20.000000,0.239188,0.239188
4,1627,162,1.000000,0.068798,0.035855,1.918761,20.000000,0.034700,0.104101
5,2948,294,1.000000,0.067820,0.039880,1.700593,20.000000,0.052259,0.104518
6,644,64,1.000000,0.094758,0.062004,1.528254,20.000000,0.071056,0.106584
