Contrast name:,Group (SNS-N)
Within-subjects contrast matrix:,c[1;1],c[1;2],c[1;3],c[2;1],c[2;2],c[2;3],c[3;1],c[3;2],c[3;3],
,1.000000,0.000000,0.000000,0.000000,1.000000,0.000000,0.000000,0.000000,1.000000,
Between-subjects contrast matrix:,c[1;1],
,1.000000,
Overlap threshold:,0.000000

Results
ROI#,ROI size,average localizer mask size,inter-subject overlap,h[1;1],h[1;2],h[1;3],stderr[1;1],stderr[1;2],stderr[1;3],T/F,dof,p,p-fdr
1,2948,294,1.000000,0.536179,0.186519,0.349660,0.086192,0.060411,0.043069,19.775839,18.000000,0.000006,0.000019
2,1627,162,1.000000,0.519938,-0.058343,0.578281,0.096180,0.071207,0.068498,21.424105,18.000000,0.000004,0.000019
3,644,64,1.000000,-0.029428,-0.143492,0.114064,0.077091,0.075546,0.032597,4.204808,18.000000,0.020274,0.020274
4,743,74,1.000000,0.653345,0.170573,0.482772,0.152879,0.077653,0.123022,5.543923,18.000000,0.007110,0.010824
5,462,46,1.000000,0.571966,0.380013,0.191953,0.143331,0.105702,0.081637,4.860276,18.000000,0.011968,0.014361
6,370,37,1.000000,0.546987,0.172485,0.374502,0.127806,0.070969,0.110466,5.523901,18.000000,0.007216,0.010824
