Contrast name:,Group (S)
Within-subjects contrast matrix:,c[1;1],c[1;2],c[1;3],
,1.000000,0.000000,0.000000,
Between-subjects contrast matrix:,c[1;1],
,1.000000,
Overlap threshold:,0.000000

Results
ROI#,ROI size,average localizer mask size,inter-subject overlap,h[1;1],stderr[1;1],T/F,dof,p,p-fdr
1,2948,294,1.000000,0.536179,0.086192,6.220752,20.000000,0.000002,0.000013
2,1627,162,1.000000,0.519938,0.096180,5.405863,20.000000,0.000014,0.000041
3,644,64,1.000000,-0.029428,0.077091,-0.381735,20.000000,0.646658,0.646658
4,743,74,1.000000,0.653345,0.152879,4.273615,20.000000,0.000186,0.000278
5,462,46,1.000000,0.571966,0.143331,3.990531,20.000000,0.000360,0.000432
6,370,37,1.000000,0.546987,0.127806,4.279833,20.000000,0.000183,0.000278
