Contrast name:,Group (S-N)
Within-subjects contrast matrix:,c[1;1],c[1;2],c[1;3],
,0.000000,0.000000,1.000000,
Between-subjects contrast matrix:,c[1;1],
,1.000000,
Overlap threshold:,0.000000

Results
ROI#,ROI size,average localizer mask size,inter-subject overlap,h[1;1],stderr[1;1],T/F,dof,p,p-fdr
1,2948,294,1.000000,0.349660,0.043069,8.118567,20.000000,0.000000,0.000000
2,1627,162,1.000000,0.578281,0.068498,8.442253,20.000000,0.000000,0.000000
3,644,64,1.000000,0.114064,0.032597,3.499259,20.000000,0.001129,0.001694
4,743,74,1.000000,0.482772,0.123022,3.924257,20.000000,0.000420,0.000840
5,462,46,1.000000,0.191953,0.081637,2.351310,20.000000,0.014536,0.014536
6,370,37,1.000000,0.374502,0.110466,3.390203,20.000000,0.001453,0.001744
